{
    "pb-IF4gB3Bf": {
        "display_string": [
            "\ue063Cherish418",
            "\ue030Android21770243"
        ],
        "profiles": [],
        "name": "\ue063Cherish418",
        "isBan": false,
        "isMuted": false,
        "accountAge": "2018-02-27 15:34:33",
        "registerOn": 1686403521.9623077,
        "canStartKickVote": true,
        "spamCount": 0,
        "lastSpam": 1686403521.9623082,
        "totaltimeplayer": 0,
        "warnCount": 0,
        "lastWarned": 1686403521.9623146,
        "verified": true,
        "rejoincount": 1,
        "lastJoin": 1686403521.9623156,
        "lastIP": "dvvc{vb\u007f`~yi",
        "deviceUUID": "8d30ec208bb52cfe546559bf2ab9b306157302a0"
    }
}
